{
  "history_upname": {
    "u9b0ae88d7cf669da9a8416bd4c765cd1": [
      "Didi"
    ],
    "u9bef22a6f6ee633bdf4dddd6572dcd3f": [
      "BOT PUBLIK"
    ],
    "uc481b46a15a423a68141f3d5925e3a36": [
      "buser2"
    ]
  },
  "user_gid": {
    "u9b0ae88d7cf669da9a8416bd4c765cd1": [
      "c9803c600577a093ade4c597bd73f4ed1"
    ],
    "u9bef22a6f6ee633bdf4dddd6572dcd3f": [
      "c9803c600577a093ade4c597bd73f4ed1"
    ],
    "uc481b46a15a423a68141f3d5925e3a36": [
      "c9803c600577a093ade4c597bd73f4ed1"
    ]
  },
  "useract": {
    "u9b0ae88d7cf669da9a8416bd4c765cd1": {
      "type": "message",
      "data": {
        "text": "https://liff.line.me/1657747580-NKGjO7DQ\n\nhttps://liff.line.me/1657747590-KEX2A7qm\n\nhttps://liff.line.me/1657747595-5r8BAk4P",
        "group": "BOT",
        "time": 1747111689190
      }
    },
    "u9bef22a6f6ee633bdf4dddd6572dcd3f": {
      "type": "message",
      "data": {
        "text": "Berikut Data Liff nya\nLiff [ 01 ] https://liff.line.me/2000602682-YP5KArqL\nLiff [ 02 ]https://liff.line.me/2000602728-ZB8DrLMB\nLiff [ 03 ] https://liff.line.me/2000602744-qe53a4vv",
        "group": "BOT",
        "time": 1747111658970
      }
    },
    "560764504108433443": {
      "type": "unsend",
      "data": {
        "group": "BOT",
        "time": 1747073013277
      }
    },
    "uc481b46a15a423a68141f3d5925e3a36": {
      "type": "message",
      "data": {
        "text": "Yg mana yg dipkai itu",
        "group": "BOT",
        "time": 1747111669219
      }
    }
  }
}